CountyName,DEM_12_raw,OTHER_12_raw,REP_12_raw,NET_DEM_12_raw,WINNER_12_raw,DEM_12_pct,OTHER_12_pct,REP_12_pct,NET_DEM_12_pct,WINNER_12_pct,DEM_16_raw,OTHER_16_raw,REP_16_raw,NET_DEM_16_raw,WINNER_16_raw,DEM_16_pct,OTHER_16_pct,REP_16_pct,NET_DEM_16_pct,WINNER_16_pct,COUNTY_CAT,TREND_12_16,Region,FIPS,Reg_16_Total,Reg_16_Rep,Reg_16_Dem,Reg_16_Other,Reg_20_Total,Reg_20_Rep,Reg_20_Dem,Reg_20_Other,Total_Vote_16,Turnout_16,Expected_2020_Vote,DEM_20_raw,OTHER_20_raw,REP_20_raw,NET_DEM_20_raw,WINNER_20_raw,DEM_20_pct,OTHER_20_pct,REP_20_pct,NET_DEM_20_pct,WINNER_20_pct,Total_Vote_20,Turnout_20,Expected_20_Vote_Remaining,Proj_Dem_Vote_Remaining,Proj_Rep_Vote_Remaining,Proj_Other_Vote_Remaining,Proj_Dem_Vote_Total,Proj_Rep_Vote_Total,Proj_Other_Vote_Total,Proj_Dem_Margin,Proj_Winner
ADAMS,15091.0,599.0,26767.0,-11676.0,2,0.36,0.01,0.63,-0.27,2,14219.0,1847.0,31423.0,-17204.0,2,0.3,0.04,0.66,-0.36000000000000004,2,SOLID RED,-0.09,PA Dutch,42001,67695,37525,19446,10724,66718,35990,20173,10555,47489.0,0.7020000000000001,46836.0,7394,13277,-5883,2,0,0.3577,0.6423,-0.28459999999999996,2,0,14788,0.222,32048.0,11463.5696,-9120.860799999999,20584.4304,18857.569600000003,-15003.860799999999,33861.4304,33861.0,Biden
ALLEGHENY,352687.0,7355.0,262039.0,90648.0,1,0.57,0.01,0.42,0.14999999999999994,1,367617.0,23017.0,259480.0,108137.0,1,0.57,0.04,0.4,0.16999999999999993,1,SOLID BLUE,0.02,Allegheny,42003,898944,251635,523385,123924,924631,259534,539900,125197,650114.0,0.723,668508.0,224919,80544,144375,1,0,0.7363,0.2637,0.47259999999999996,1,0,449838,0.487,218670.0,161006.721,103343.442,57663.278999999995,385925.721,247718.44199999998,138207.27899999998,138207.0,Biden
ARMSTRONG,9045.0,415.0,20142.0,-11097.0,2,0.31,0.01,0.68,-0.3700000000000001,2,7178.0,956.0,23484.0,-16306.0,2,0.23,0.03,0.74,-0.51,2,SOLID RED,-0.14,Central,42005,42128,23512,13759,4857,42552,22120,15782,4650,31618.0,0.7509999999999999,31957.0,4622,9632,-5010,2,0,0.3243,0.6757,-0.3514,2,0,9244,0.217,22713.0,7365.8259,-7981.348199999999,15347.174099999998,11987.8259,-12991.3482,24979.174099999997,24979.0,Biden
BEAVER,37055.0,1075.0,42344.0,-5289.0,2,0.46,0.01,0.53,-0.07,2,32531.0,2873.0,48167.0,-15636.0,2,0.39,0.03,0.58,-0.18999999999999995,2,SOLID RED,-0.12,West,42007,110663,42938,53576,14149,113598,40793,59241,13564,83571.0,0.755,85766.0,20555,15072,5483,1,0,0.577,0.423,0.15399999999999997,1,0,41110,0.362,44656.0,25766.512,6877.0239999999985,18889.488,46321.512,12360.023999999998,33961.488,33961.0,Biden
BEDFORD,4788.0,207.0,16702.0,-11914.0,2,0.22,0.01,0.77,-0.55,2,3645.0,440.0,19552.0,-15907.0,2,0.15,0.02,0.83,-0.6799999999999999,2,SOLID RED,-0.13,Central,42009,32237,21713,7434,3090,34460,21731,9465,3264,23637.0,0.733,25259.0,2038,8659,-6621,2,0,0.1905,0.8095,-0.619,2,0,4076,0.118,21183.0,4035.3615,-13112.277,17147.6385,6073.3615,-19733.277000000002,25806.6385,25807.0,Biden
BERKS,83011.0,2607.0,84702.0,-1691.0,2,0.49,0.02,0.5,-0.010000000000000007,2,78437.0,8002.0,96626.0,-18189.0,2,0.43,0.04,0.53,-0.10000000000000003,2,SOLID RED,-0.09,PA Dutch,42011,256863,101768,114765,40330,259800,100782,120217,38801,183065.0,0.713,185237.0,38977,35972,3005,1,0,0.52,0.48,0.040000000000000036,1,0,77954,0.3,107283.0,55787.16,4291.320000000004,51495.84,94764.16,7296.320000000004,87467.84,87468.0,Biden
BLAIR,16276.0,646.0,33319.0,-17043.0,2,0.32,0.01,0.66,-0.34,2,13958.0,1816.0,39135.0,-25177.0,2,0.25,0.03,0.71,-0.46,2,SOLID RED,-0.12,Central,42013,75535,44699,21603,9233,77834,44360,24080,9394,54909.0,0.727,56585.0,7220,17294,-10074,2,0,0.2945,0.7055,-0.41100000000000003,2,0,14440,0.186,42145.0,12411.7025,-17321.595,29733.2975,19631.7025,-27395.595,47027.2975,47027.0,Biden
BRADFORD,8624.0,392.0,14410.0,-5786.0,2,0.37,0.02,0.62,-0.25,2,6369.0,1198.0,18141.0,-11772.0,2,0.25,0.05,0.71,-0.46,2,SOLID RED,-0.21,Central,42015,36324,22326,9215,4783,37649,22376,10479,4794,25708.0,0.708,26655.0,2900,8071,-5171,2,0,0.2643,0.7357,-0.47140000000000004,2,0,5800,0.154,20855.0,5511.9765,-9831.047,15343.023500000001,8411.9765,-15002.047,23414.023500000003,23414.0,Biden
BUCKS,160521.0,3916.0,156579.0,3942.0,1,0.5,0.01,0.49,0.010000000000000007,1,167060.0,12876.0,164361.0,2699.0,1,0.49,0.04,0.48,0.010000000000000007,1,SOLID BLUE,0.0,Southeast,42017,461310,185672,201254,74384,460832,188625,198007,74200,344297.0,0.746,343781.0,82847,63702,19145,1,0,0.5653,0.4347,0.13060000000000005,1,0,165694,0.36,178087.0,100672.58110000001,23258.16220000001,77414.41889999999,183519.5811,42403.162200000006,141116.4189,141116.0,Biden
BUTLER,28550.0,1134.0,59761.0,-31211.0,2,0.32,0.01,0.67,-0.35000000000000003,2,28584.0,4059.0,64428.0,-35844.0,2,0.29,0.04,0.66,-0.3700000000000001,2,SOLID RED,-0.02,West,42019,129783,71682,40423,17678,129728,69603,42272,17853,97071.0,0.748,97037.0,16277,28549,-12272,2,0,0.3631,0.6369,-0.27380000000000004,2,0,32554,0.251,64483.0,23413.777299999998,-17655.445400000004,41069.2227,39690.7773,-29927.445400000004,69618.2227,69618.0,Biden
CAMBRIA,24249.0,1114.0,35163.0,-10914.0,2,0.4,0.02,0.58,-0.17999999999999994,2,18867.0,1947.0,42258.0,-23391.0,2,0.3,0.03,0.67,-0.3700000000000001,2,SOLID RED,-0.19,West,42021,83182,36240,38358,8584,86848,32756,45378,8714,63072.0,0.758,65831.0,13068,14509,-1441,2,0,0.4739,0.5261,-0.052200000000000024,2,0,26136,0.301,39695.0,18811.4605,-2072.079000000001,20883.5395,31879.4605,-3513.079000000001,35392.5395,35393.0,Biden
CAMERON,724.0,28.0,1359.0,-635.0,2,0.34,0.01,0.64,-0.3,2,531.0,66.0,1589.0,-1058.0,2,0.24,0.03,0.73,-0.49,2,SOLID RED,-0.19,Central,42023,2987,1646,954,387,3232,1652,1211,369,2186.0,0.732,2366.0,291,731,-440,2,0,0.2847,0.7153,-0.43060000000000004,2,0,582,0.18,1784.0,507.9048,-768.1904000000001,1276.0952,798.9048,-1208.1904,2007.0952,2007.0,Biden
CARBON,11580.0,497.0,13504.0,-1924.0,2,0.45,0.02,0.53,-0.08000000000000003,2,8936.0,1097.0,18743.0,-9807.0,2,0.31,0.04,0.65,-0.34,2,SOLID RED,-0.26,Northeast,42025,44339,19934,17615,6790,42228,17683,18387,6158,28776.0,0.649,27406.0,5382,6727,-1345,2,0,0.4445,0.5555,-0.11099999999999999,2,0,10764,0.255,16642.0,7397.369,-1847.2619999999997,9244.631,12779.368999999999,-3192.2619999999997,15971.631,15972.0,Biden
CENTRE,34176.0,1449.0,34001.0,175.0,1,0.49,0.02,0.49,0.0,2,37088.0,3786.0,35274.0,1814.0,1,0.49,0.05,0.46,0.029999999999999968,1,SOLID BLUE,0.03,Central,42027,109015,42843,46278,19894,123341,47653,51155,24533,76148.0,0.6990000000000001,86215.0,17548,13638,3910,1,0,0.5627,0.4373,0.12539999999999996,1,0,35096,0.285,51119.0,28764.6613,6410.322599999998,22354.3387,46312.6613,10320.322599999998,35992.3387,35992.0,Biden
CHESTER,124311.0,2822.0,124840.0,-529.0,2,0.49,0.01,0.5,-0.010000000000000007,2,141682.0,11004.0,116114.0,25568.0,1,0.53,0.04,0.43,0.10000000000000003,1,ROMNEY-CLINTON,0.11,Southeast,42029,359265,148372,149158,61735,354459,155458,136990,62011,268800.0,0.748,265135.0,71599,43243,28356,1,0,0.6235,0.3765,0.24700000000000005,1,0,143198,0.404,121937.0,76027.7195,30118.439000000006,45909.2805,147626.7195,58474.439000000006,89152.2805,89152.0,Biden
CLARION,5056.0,302.0,10828.0,-5772.0,2,0.31,0.02,0.67,-0.36000000000000004,2,4273.0,686.0,12576.0,-8303.0,2,0.24,0.04,0.72,-0.48,2,SOLID RED,-0.12,Central,42031,23239,13628,6964,2647,24090,13088,8249,2753,17535.0,0.755,18188.0,2439,6233,-3794,2,0,0.2812,0.7188,-0.4376,2,0,4878,0.202,13310.0,3742.772,-5824.456,9567.228,6181.772,-9618.456,15800.228,15800.0,Biden
CLEARFIELD,11121.0,499.0,20347.0,-9226.0,2,0.35,0.02,0.64,-0.29000000000000004,2,8200.0,1139.0,24932.0,-16732.0,2,0.24,0.03,0.73,-0.49,2,SOLID RED,-0.2,Central,42033,46523,25548,15614,5361,53226,26296,20717,6213,34271.0,0.737,39228.0,5221,11399,-6178,2,0,0.3141,0.6859,-0.37179999999999996,2,0,10442,0.196,28786.0,9041.6826,-10702.6348,19744.3174,14262.6826,-16880.6348,31143.3174,31143.0,Biden
CLINTON,5734.0,228.0,7303.0,-1569.0,2,0.43,0.02,0.55,-0.12000000000000005,2,4744.0,628.0,10022.0,-5278.0,2,0.31,0.04,0.65,-0.34,2,SOLID RED,-0.22,Central,42035,20811,10565,7598,2648,22303,10190,9157,2956,15394.0,0.74,16504.0,2737,4594,-1857,2,0,0.3733,0.6267,-0.2534,2,0,5474,0.245,11030.0,4117.499,-2795.002,6912.501,6854.499,-4652.002,11506.501,11507.0,Biden
COLUMBIA,10937.0,450.0,14236.0,-3299.0,2,0.43,0.02,0.56,-0.13000000000000006,2,8934.0,1290.0,18004.0,-9070.0,2,0.32,0.05,0.64,-0.32,2,SOLID RED,-0.19,Central,42037,38035,18639,13653,5743,40868,18419,16135,6314,28228.0,0.742,30324.0,4589,6711,-2122,2,0,0.4061,0.5939,-0.18779999999999997,2,0,9178,0.225,21146.0,8587.3906,-3971.218799999999,12558.6094,13176.3906,-6093.218799999999,19269.6094,19270.0,Biden
CRAWFORD,13883.0,604.0,20901.0,-7018.0,2,0.39,0.02,0.59,-0.2,2,10971.0,1534.0,24987.0,-14016.0,2,0.29,0.04,0.67,-0.3800000000000001,2,SOLID RED,-0.18,West,42039,53613,28726,18343,6544,53386,27642,19419,6325,37492.0,0.6990000000000001,37317.0,5585,9277,-3692,2,0,0.3758,0.6242,-0.24839999999999995,2,0,11170,0.209,26147.0,9826.0426,-6494.914799999999,16320.9574,15411.0426,-10186.914799999999,25597.9574,25598.0,Biden
CUMBERLAND,44367.0,1638.0,64809.0,-20442.0,2,0.4,0.01,0.58,-0.17999999999999994,2,47085.0,5456.0,69076.0,-21991.0,2,0.39,0.04,0.57,-0.17999999999999994,2,SOLID RED,0.0,PA Dutch,42041,178406,88027,61602,28777,166965,85322,55715,25928,121617.0,0.682,113870.0,25621,30961,-5340,2,0,0.4528,0.5472,-0.09440000000000004,2,0,51242,0.307,62628.0,28357.9584,-5912.083200000003,34270.041600000004,53978.9584,-11252.083200000003,65231.041600000004,65231.0,Biden
DAUPHIN,64965.0,1593.0,57450.0,7515.0,1,0.52,0.01,0.46,0.06,1,64706.0,5303.0,60863.0,3843.0,1,0.49,0.04,0.47,0.020000000000000014,1,SOLID BLUE,-0.04,PA Dutch,42043,187621,73761,85954,27906,190301,76863,86930,26508,130872.0,0.698,132830.0,34421,29363,5058,1,0,0.5396,0.4604,0.07919999999999999,1,0,68842,0.362,63988.0,34527.9248,5067.8496,29460.0752,68948.92480000001,10125.8496,58823.0752,58823.0,Biden
DELAWARE,171792.0,2919.0,110853.0,60939.0,1,0.6,0.01,0.39,0.21,1,177402.0,9565.0,110667.0,66735.0,1,0.6,0.03,0.37,0.23,1,SOLID BLUE,0.02,Southeast,42045,404732,155579,197210,51943,412854,171598,189167,52089,297634.0,0.735,303448.0,78480,44827,33653,1,0,0.6365,0.3635,0.27299999999999996,1,0,156960,0.38,146488.0,93239.612,39991.223999999995,53248.388,171719.612,73644.22399999999,98075.388,98075.0,Biden
ELK,5463.0,196.0,7579.0,-2116.0,2,0.41,0.01,0.57,-0.15999999999999998,2,3853.0,548.0,10025.0,-6172.0,2,0.27,0.04,0.69,-0.4199999999999999,2,SOLID RED,-0.26,Central,42047,19223,9314,7755,2154,20244,8467,9526,2251,14426.0,0.75,15183.0,2674,4546,-1872,2,0,0.3704,0.6296,-0.25920000000000004,2,0,5348,0.264,9835.0,3642.884,-2549.2320000000004,6192.116000000001,6316.884,-4421.232,10738.116000000002,10738.0,Biden
ERIE,68036.0,1558.0,49025.0,19011.0,1,0.57,0.01,0.41,0.15999999999999998,1,58112.0,5498.0,60069.0,-1957.0,2,0.47,0.04,0.49,-0.020000000000000014,2,OBAMA-TRUMP,-0.18,West,42049,195467,70285,97678,27504,190222,67494,97597,25131,123679.0,0.633,120411.0,34903,21197,13706,1,0,0.6222,0.3778,0.24439999999999995,1,0,69806,0.367,50605.0,31486.431,12367.861999999997,19118.569,66389.431,26073.861999999997,40315.569,40316.0,Biden
FAYETTE,21971.0,516.0,26018.0,-4047.0,2,0.45,0.01,0.54,-0.09000000000000002,2,17946.0,1231.0,34590.0,-16644.0,2,0.33,0.02,0.64,-0.31,2,SOLID RED,-0.22,West,42051,77316,29944,39984,7388,83852,27923,48602,7327,53767.0,0.695,58277.0,11339,9568,1771,1,0,0.5424,0.4576,0.08479999999999999,1,0,22678,0.27,35599.0,19308.8976,3018.7951999999996,16290.1024,30647.8976,4789.7952,25858.1024,25858.0,Biden
FOREST,896.0,33.0,1383.0,-487.0,2,0.39,0.01,0.6,-0.21,2,626.0,92.0,1683.0,-1057.0,2,0.26,0.04,0.7,-0.44,2,SOLID RED,-0.23,Central,42053,3385,1851,1166,368,3330,1750,1269,311,2401.0,0.7090000000000001,2361.0,362,806,-444,2,0,0.3099,0.6901,-0.38020000000000004,2,0,724,0.217,1637.0,507.3063,-622.3874000000001,1129.6937,869.3063,-1066.3874,1935.6937,1936.0,Biden
FRANKLIN,18995.0,823.0,43260.0,-24265.0,2,0.3,0.01,0.69,-0.39,2,17465.0,2498.0,49768.0,-32303.0,2,0.25,0.04,0.71,-0.46,2,SOLID RED,-0.07,PA Dutch,42055,94623,56722,24227,13674,93018,54576,25117,13325,69731.0,0.737,68554.0,8800,23207,-14407,2,0,0.2749,0.7251,-0.4502,2,0,17600,0.189,50954.0,14007.254599999998,-22939.4908,36946.7454,22807.2546,-37346.4908,60153.7454,60154.0,Biden
FULTON,1310.0,71.0,4814.0,-3504.0,2,0.21,0.01,0.78,-0.5700000000000001,2,912.0,165.0,5694.0,-4782.0,2,0.13,0.02,0.84,-0.71,2,SOLID RED,-0.14,Central,42057,9124,6120,2058,946,9187,5714,2537,936,6771.0,0.742,6817.0,509,2342,-1833,2,0,0.1785,0.8215,-0.643,2,0,1018,0.111,5799.0,1035.1215,-3728.757,4763.8785,1544.1215,-5561.757,7105.8785,7106.0,Biden
GREENE,5852.0,184.0,8428.0,-2576.0,2,0.4,0.01,0.58,-0.17999999999999994,2,4482.0,433.0,10849.0,-6367.0,2,0.28,0.03,0.69,-0.4099999999999999,2,SOLID RED,-0.23,West,42059,21704,9230,10350,2124,22590,8060,12474,2056,15764.0,0.726,16400.0,3228,3571,-343,2,0,0.4748,0.5252,-0.0504,2,0,6456,0.286,9944.0,4721.4112,-501.1776,5222.5888,7949.4112,-844.1776,8793.588800000001,8794.0,Biden
HUNTINGDON,5409.0,251.0,11979.0,-6570.0,2,0.31,0.01,0.68,-0.3700000000000001,2,4539.0,673.0,14494.0,-9955.0,2,0.23,0.03,0.74,-0.51,2,SOLID RED,-0.14,Central,42061,26687,16448,7520,2719,29781,17484,9214,3083,19706.0,0.738,21978.0,2317,6655,-4338,2,0,0.2582,0.7418,-0.48360000000000003,2,0,4634,0.156,17344.0,4478.2208,-8387.5584,12865.7792,6795.2208,-12725.5584,19520.7792,19521.0,Biden
INDIANA,14473.0,591.0,21257.0,-6784.0,2,0.4,0.02,0.59,-0.18999999999999995,2,11528.0,1354.0,24888.0,-13360.0,2,0.31,0.04,0.66,-0.35000000000000003,2,SOLID RED,-0.16,Central,42063,49874,25085,18405,6384,51853,24193,20612,7048,37770.0,0.757,39253.0,6502,9713,-3211,2,0,0.401,0.599,-0.19799999999999995,2,0,13004,0.251,26249.0,10525.849,-5197.301999999999,15723.151,17027.849000000002,-8408.302,25436.150999999998,25436.0,Biden
JEFFERSON,4787.0,262.0,13048.0,-8261.0,2,0.26,0.01,0.72,-0.46,2,3650.0,636.0,15192.0,-11542.0,2,0.19,0.03,0.78,-0.5900000000000001,2,SOLID RED,-0.13,Central,42065,30256,18219,8543,3494,29926,16971,9579,3376,19478.0,0.644,19272.0,2170,8561,-6391,2,0,0.2022,0.7978,-0.5955999999999999,2,0,4340,0.145,14932.0,3019.2504,-8893.499199999998,11912.7496,5189.2504,-15284.499199999998,20473.7496,20474.0,Biden
JUNIATA,2547.0,126.0,6862.0,-4315.0,2,0.27,0.01,0.72,-0.45,2,1821.0,360.0,8273.0,-6452.0,2,0.17,0.03,0.79,-0.62,2,SOLID RED,-0.17,Central,42067,13633,8884,3385,1364,13840,8444,3970,1426,10454.0,0.767,10615.0,1117,3813,-2696,2,0,0.2266,0.7734,-0.5468,2,0,2234,0.161,8381.0,1899.1345999999999,-4582.730799999999,6481.8654,3016.1346,-7278.730799999999,10294.865399999999,10295.0,Biden
LACKAWANNA,61838.0,1092.0,35085.0,26753.0,1,0.63,0.01,0.36,0.27,1,51983.0,3089.0,48384.0,3599.0,1,0.5,0.03,0.47,0.030000000000000027,1,SOLID BLUE,-0.24,Northeast,42069,142575,43497,84320,14758,148104,42553,91046,14505,103456.0,0.726,107524.0,34354,15713,18641,1,0,0.6862,0.3138,0.3724,1,0,68708,0.464,38816.0,26635.539200000003,14455.0784,12180.4608,60989.5392,33096.0784,27893.4608,27893.0,Biden
LANCASTER,88481.0,3286.0,130669.0,-42188.0,2,0.4,0.01,0.59,-0.18999999999999995,2,91093.0,12105.0,137914.0,-46821.0,2,0.38,0.05,0.57,-0.18999999999999995,2,SOLID RED,0.0,PA Dutch,42071,331820,168857,109948,53015,335791,174365,108172,53254,241112.0,0.727,244120.0,42798,57462,-14664,2,0,0.4269,0.5731,-0.14620000000000005,2,0,85596,0.255,158524.0,67673.8956,-23176.208800000008,90850.10440000001,110471.8956,-37840.20880000001,148312.1044,148312.0,Biden
LAWRENCE,17513.0,476.0,21047.0,-3534.0,2,0.45,0.01,0.54,-0.09000000000000002,2,14009.0,1316.0,25428.0,-11419.0,2,0.34,0.03,0.62,-0.28,2,SOLID RED,-0.19,West,42073,54204,24128,23954,6122,57049,23368,27516,6165,40753.0,0.752,42901.0,7850,8303,-453,2,0,0.486,0.514,-0.028000000000000025,2,0,15700,0.275,27201.0,13219.686,-761.6280000000007,13981.314,21069.686,-1214.6280000000006,22284.314,22284.0,Biden
LEBANON,19900.0,808.0,35872.0,-15972.0,2,0.35,0.01,0.63,-0.28,2,18953.0,2367.0,40525.0,-21572.0,2,0.31,0.04,0.66,-0.35000000000000003,2,SOLID RED,-0.07,PA Dutch,42075,86963,47431,26582,12950,86878,47199,27298,12381,61845.0,0.711,61770.0,8959,17855,-8896,2,0,0.3341,0.6659,-0.33180000000000004,2,0,17918,0.206,43852.0,14650.9532,-14550.093600000002,29201.046800000004,23609.9532,-23446.0936,47056.046800000004,47056.0,Biden
LEHIGH,78283.0,1845.0,66874.0,11409.0,1,0.53,0.01,0.45,0.08000000000000003,1,81324.0,5979.0,73690.0,7634.0,1,0.51,0.04,0.46,0.04999999999999999,1,SOLID BLUE,-0.03,Northeast,42077,234842,79585,114292,40965,236081,80623,115745,39713,160993.0,0.6859999999999999,161952.0,39104,27576,11528,1,0,0.5864,0.4136,0.1728,1,0,78208,0.331,83744.0,49107.4816,14470.9632,34636.5184,88211.4816,25998.9632,62212.5184,62213.0,Biden
LUZERNE,64307.0,1807.0,58325.0,5982.0,1,0.52,0.01,0.47,0.05000000000000005,1,52451.0,3844.0,78688.0,-26237.0,2,0.39,0.03,0.58,-0.18999999999999995,2,OBAMA-TRUMP,-0.24,Northeast,42079,211276,80225,104952,26099,205332,74116,108055,23161,134983.0,0.639,131207.0,32495,28133,4362,1,0,0.536,0.464,0.07200000000000001,1,0,64990,0.317,66217.0,35492.312000000005,4767.624000000001,30724.688000000002,67987.312,9129.624,58857.688,58858.0,Biden
LYCOMING,15203.0,632.0,30658.0,-15455.0,2,0.33,0.01,0.66,-0.33,2,13020.0,1918.0,35627.0,-22607.0,2,0.26,0.04,0.7,-0.44,2,SOLID RED,-0.11,Central,42081,69008,39413,20565,9030,69764,38125,22442,9197,50565.0,0.733,51137.0,6931,16055,-9124,2,0,0.3015,0.6985,-0.397,2,0,13862,0.199,37275.0,11238.4125,-14798.175000000001,26036.5875,18169.4125,-23922.175000000003,42091.5875,42092.0,Biden
MERCER,24232.0,706.0,25925.0,-1693.0,2,0.48,0.01,0.51,-0.030000000000000027,2,18733.0,2032.0,31544.0,-12811.0,2,0.36,0.04,0.6,-0.24,2,SOLID RED,-0.21,West,42085,70706,32650,28893,9163,77265,33047,34096,10122,52309.0,0.74,57176.0,8785,10958,-2173,2,0,0.445,0.555,-0.11000000000000004,2,0,17570,0.227,39606.0,17624.670000000002,-4356.660000000002,21981.33,26409.670000000002,-6529.660000000002,32939.33,32939.0,Biden
MIFFLIN,4273.0,159.0,11939.0,-7666.0,2,0.26,0.01,0.73,-0.47,2,3877.0,630.0,14094.0,-10217.0,2,0.21,0.03,0.76,-0.55,2,SOLID RED,-0.08,Central,42087,25283,15959,6569,2755,25933,15559,7599,2775,18601.0,0.736,19087.0,1932,6145,-4213,2,0,0.2392,0.7608,-0.5216000000000001,2,0,3864,0.149,15223.0,3641.3415999999997,-7940.316800000001,11581.6584,5573.3416,-12153.3168,17726.6584,17727.0,Biden
MONROE,35221.0,829.0,26867.0,8354.0,1,0.56,0.01,0.43,0.13000000000000006,1,33918.0,2448.0,33386.0,532.0,1,0.49,0.04,0.48,0.010000000000000007,1,SOLID BLUE,-0.12,Northeast,42089,109981,37066,51348,21567,109247,36339,51884,21024,69752.0,0.634,69263.0,16022,11223,4799,1,0,0.5881,0.4119,0.17619999999999997,1,0,32044,0.293,37219.0,21888.493899999998,6557.987799999999,15330.506099999999,37910.4939,11356.987799999999,26553.5061,26554.0,Biden
MONTGOMERY,233356.0,4463.0,174381.0,58975.0,1,0.57,0.01,0.42,0.14999999999999994,1,256082.0,15874.0,162731.0,93351.0,1,0.59,0.04,0.37,0.22,1,SOLID BLUE,0.07,Southeast,42091,574403,201102,286292,87009,577418,215777,272287,89354,434687.0,0.757,437105.0,142281,63710,78571,1,0,0.6907,0.3093,0.38139999999999996,1,0,284562,0.493,152543.0,105361.4501,58179.9002,47181.549900000005,247642.45010000002,136750.9002,110891.54990000001,110892.0,Biden
MONTOUR,3053.0,126.0,4652.0,-1599.0,2,0.39,0.02,0.59,-0.2,2,2857.0,411.0,5288.0,-2431.0,2,0.33,0.05,0.62,-0.29,2,SOLID RED,-0.09,Central,42093,13299,6486,4695,2118,13098,6295,4742,2061,8556.0,0.643,8422.0,1534,1976,-442,2,0,0.437,0.563,-0.12599999999999995,2,0,3068,0.234,5354.0,2339.698,-674.6039999999997,3014.3019999999997,3873.698,-1116.6039999999998,4990.302,4990.0,Biden
McKEAN,5297.0,266.0,9545.0,-4248.0,2,0.35,0.02,0.63,-0.28,2,4025.0,636.0,11635.0,-7610.0,2,0.25,0.04,0.71,-0.46,2,SOLID RED,-0.18,Central,42083,24098,14309,6476,3313,24911,14198,7312,3401,16296.0,0.6759999999999999,16840.0,1960,5678,-3718,2,0,0.2566,0.7434,-0.48679999999999995,2,0,3920,0.157,12920.0,3315.272,-6289.455999999999,9604.728,5275.272,-10007.455999999998,15282.728,15283.0,Biden
NORTHAMPTON,67606.0,1683.0,61446.0,6160.0,1,0.52,0.01,0.47,0.05000000000000005,1,66272.0,5511.0,71736.0,-5464.0,2,0.46,0.04,0.5,-0.03999999999999998,2,OBAMA-TRUMP,-0.09,Northeast,42095,212972,75307,97878,39787,211402,73473,99075,38854,143519.0,0.674,142485.0,35180,24968,10212,1,0,0.5849,0.4151,0.16979999999999995,1,0,70360,0.333,72125.0,42185.9125,12246.824999999997,29939.0875,77365.9125,22458.824999999997,54907.0875,54907.0,Biden
NORTHUMBERLAND,13072.0,622.0,19518.0,-6446.0,2,0.39,0.02,0.59,-0.2,2,9788.0,1407.0,25427.0,-15639.0,2,0.27,0.04,0.69,-0.4199999999999999,2,SOLID RED,-0.22,Central,42097,53985,27878,18852,7255,56496,27678,21711,7107,36622.0,0.6779999999999999,38304.0,5420,9898,-4478,2,0,0.3538,0.6462,-0.2924,2,0,10840,0.192,27464.0,9716.7632,-8030.4736,17747.2368,15136.7632,-12508.473600000001,27645.2368,27645.0,Biden
PERRY,5685.0,323.0,13120.0,-7435.0,2,0.3,0.02,0.69,-0.39,2,4632.0,910.0,15616.0,-10984.0,2,0.22,0.04,0.74,-0.52,2,SOLID RED,-0.13,PA Dutch,42099,28054,18095,6489,3470,28727,18045,7177,3505,21158.0,0.754,21660.0,2658,8022,-5364,2,0,0.2489,0.7511,-0.5022,2,0,5316,0.185,16344.0,4068.0216,-8207.9568,12275.9784,6726.0216,-13571.9568,20297.9784,20298.0,Biden
PHILADELPHIA,588806.0,5054.0,96467.0,492339.0,1,0.85,0.01,0.14,0.71,1,584025.0,14858.0,108748.0,475277.0,1,0.83,0.02,0.15,0.6799999999999999,1,SOLID BLUE,-0.03,Philadelphia,42101,1076764,119335,827438,129991,1102560,125557,853091,123912,707631.0,0.657,724382.0,301215,24937,276278,1,0,0.9235,0.0765,0.847,1,0,602430,0.546,121952.0,112622.67199999999,103293.344,9329.328,413837.672,379571.344,34266.328,34266.0,Biden
PIKE,10210.0,283.0,12786.0,-2576.0,2,0.44,0.01,0.55,-0.11000000000000004,2,9256.0,789.0,16056.0,-6800.0,2,0.35,0.03,0.62,-0.27,2,SOLID RED,-0.16,Northeast,42103,40955,18356,13974,8625,40087,17802,13972,8313,26101.0,0.637,25535.0,4466,5475,-1009,2,0,0.4493,0.5507,-0.10139999999999999,2,0,8932,0.223,16603.0,7459.7279,-1683.5441999999998,9143.2721,11925.7279,-2692.5442,14618.2721,14618.0,Biden
POTTER,1897.0,114.0,5231.0,-3334.0,2,0.26,0.02,0.72,-0.46,2,1302.0,231.0,6251.0,-4949.0,2,0.17,0.03,0.8,-0.63,2,SOLID RED,-0.17,Central,42105,10687,7197,2338,1152,11005,7051,2844,1110,7784.0,0.728,8012.0,756,3346,-2590,2,0,0.1843,0.8157,-0.6314,2,0,1512,0.137,6500.0,1197.95,-4104.099999999999,5302.05,1953.95,-6694.099999999999,8648.05,8648.0,Biden
SCHUYLKILL,24546.0,903.0,32278.0,-7732.0,2,0.43,0.02,0.56,-0.13000000000000006,2,16770.0,2098.0,44001.0,-27231.0,2,0.27,0.03,0.7,-0.43,2,SOLID RED,-0.3,Northeast,42107,85526,45010,29869,10647,87989,43996,33846,10147,62869.0,0.735,64672.0,9855,19040,-9185,2,0,0.3411,0.6589,-0.3178,2,0,19710,0.224,44962.0,15336.5382,-14288.923600000002,29625.4618,25191.538200000003,-23473.923600000002,48665.461800000005,48665.0,Biden
SNYDER,4687.0,242.0,10073.0,-5386.0,2,0.31,0.02,0.67,-0.36000000000000004,2,4002.0,636.0,11725.0,-7723.0,2,0.24,0.04,0.72,-0.48,2,SOLID RED,-0.12,Central,42109,22180,14140,5269,2771,22264,13863,5587,2814,16363.0,0.738,16431.0,2014,5721,-3707,2,0,0.2604,0.7396,-0.4792,2,0,4028,0.181,12403.0,3229.7412000000004,-5943.5176,9173.2588,5243.7412,-9650.5176,14894.2588,14894.0,Biden
SOMERSET,9436.0,522.0,23984.0,-14548.0,2,0.28,0.02,0.71,-0.43,2,7376.0,1018.0,27379.0,-20003.0,2,0.21,0.03,0.77,-0.56,2,SOLID RED,-0.13,West,42111,46659,28032,14085,4542,49693,27363,17611,4719,35773.0,0.767,38115.0,4552,11981,-7429,2,0,0.2753,0.7247,-0.4494,2,0,9104,0.183,29011.0,7986.7283,-13037.5434,21024.2717,12538.728299999999,-20466.543400000002,33005.2717,33005.0,Biden
SULLIVAN,1034.0,47.0,1868.0,-834.0,2,0.35,0.02,0.63,-0.28,2,750.0,95.0,2291.0,-1541.0,2,0.24,0.03,0.73,-0.49,2,SOLID RED,-0.21,Central,42113,4416,2528,1416,472,4404,2422,1526,456,3136.0,0.71,3127.0,522,1030,-508,2,0,0.3363,0.6637,-0.32739999999999997,2,0,1044,0.237,2083.0,700.5129,-681.9741999999999,1382.4870999999998,1222.5129,-1189.9741999999999,2412.4871,2412.0,Biden
SUSQUEHANNA,6935.0,309.0,10800.0,-3865.0,2,0.38,0.02,0.6,-0.22,2,5123.0,849.0,12891.0,-7768.0,2,0.27,0.05,0.68,-0.41,2,SOLID RED,-0.19,Northeast,42115,25516,15067,7168,3281,26373,15002,8035,3336,18863.0,0.7390000000000001,19490.0,2481,5559,-3078,2,0,0.3086,0.6914,-0.38280000000000003,2,0,4962,0.188,14528.0,4483.3408,-5561.3184,10044.6592,6964.3408,-8639.3184,15603.6592,15604.0,Biden
TIOGA,5357.0,305.0,11342.0,-5985.0,2,0.32,0.02,0.67,-0.35000000000000003,2,3901.0,810.0,13614.0,-9713.0,2,0.21,0.04,0.74,-0.53,2,SOLID RED,-0.18,Central,42117,25221,15961,6009,3251,26592,15892,7183,3517,18325.0,0.727,19332.0,2017,7170,-5153,2,0,0.2195,0.7805,-0.5609999999999999,2,0,4034,0.152,15298.0,3357.911,-8582.178,11940.089,5374.911,-13735.178,19110.089,19110.0,Biden
UNION,6109.0,263.0,9896.0,-3787.0,2,0.38,0.02,0.61,-0.23,2,6180.0,666.0,10622.0,-4442.0,2,0.35,0.04,0.61,-0.26,2,SOLID RED,-0.03,Central,42119,24050,12824,7324,3902,24669,12910,7625,4134,17468.0,0.726,17910.0,3093,5107,-2014,2,0,0.3772,0.6228,-0.24560000000000004,2,0,6186,0.251,11724.0,4422.2928,-2879.4144000000006,7301.7072,7515.2928,-4893.414400000001,12408.7072,12409.0,Biden
VENANGO,7945.0,407.0,13815.0,-5870.0,2,0.36,0.02,0.62,-0.26,2,6309.0,1018.0,16021.0,-9712.0,2,0.27,0.04,0.69,-0.4199999999999999,2,SOLID RED,-0.16,Central,42121,31048,17535,9591,3922,32655,17516,11081,4058,23348.0,0.752,24557.0,3342,6433,-3091,2,0,0.3419,0.6581,-0.31620000000000004,2,0,6684,0.205,17873.0,6110.7787,-5651.4426,11762.221300000001,9452.778699999999,-8742.4426,18195.2213,18195.0,Biden
WARREN,6995.0,294.0,10010.0,-3015.0,2,0.4,0.02,0.58,-0.17999999999999994,2,5145.0,812.0,12477.0,-7332.0,2,0.28,0.04,0.68,-0.4,2,SOLID RED,-0.22,Central,42123,30486,15899,9797,4790,30146,15118,10502,4526,18434.0,0.605,18238.0,2545,4856,-2311,2,0,0.3439,0.6561,-0.31220000000000003,2,0,5090,0.169,13148.0,4521.5972,-4104.805600000001,8626.4028,7066.5972,-6415.805600000001,13482.4028,13482.0,Biden
WASHINGTON,40345.0,1175.0,53230.0,-12885.0,2,0.43,0.01,0.56,-0.13000000000000006,2,36322.0,3742.0,61386.0,-25064.0,2,0.36,0.04,0.61,-0.25,2,SOLID RED,-0.12,West,42125,145882,62074,66402,17406,138835,55307,68026,15502,101450.0,0.695,96490.0,23766,21325,2441,1,0,0.5271,0.4729,0.054200000000000026,1,0,47532,0.342,48958.0,25805.7618,2653.5236000000014,23152.2382,49571.7618,5094.523600000001,44477.2382,44477.0,Biden
WAYNE,8396.0,315.0,12896.0,-4500.0,2,0.39,0.01,0.6,-0.21,2,7008.0,766.0,16244.0,-9236.0,2,0.29,0.03,0.68,-0.3900000000000001,2,SOLID RED,-0.18,Northeast,42127,33353,18556,9565,5232,33683,18116,10152,5415,24018.0,0.72,24252.0,3801,7611,-3810,2,0,0.3331,0.6669,-0.33380000000000004,2,0,7602,0.226,16650.0,5546.115,-5557.77,11103.885,9347.115,-9367.77,18714.885000000002,18715.0,Biden
WESTMORELAND,63722.0,1918.0,103932.0,-40210.0,2,0.38,0.01,0.61,-0.23,2,59669.0,5860.0,116522.0,-56853.0,2,0.33,0.03,0.64,-0.31,2,SOLID RED,-0.08,West,42129,239997,109215,102458,28324,246020,103853,113582,28585,182051.0,0.759,186729.0,39351,39590,-239,2,0,0.4985,0.5015,-0.002999999999999947,2,0,78702,0.32,108027.0,53851.4595,-324.0809999999943,54175.540499999996,93202.4595,-563.0809999999942,93765.5405,93766.0,Biden
WYOMING,5061.0,224.0,6587.0,-1526.0,2,0.43,0.02,0.55,-0.12000000000000005,2,3811.0,496.0,8837.0,-5026.0,2,0.29,0.04,0.67,-0.3800000000000001,2,SOLID RED,-0.26,Northeast,42131,17209,10023,5206,1980,16865,9592,5350,1923,13144.0,0.764,12885.0,2051,4145,-2094,2,0,0.331,0.669,-0.338,2,0,4102,0.243,8783.0,2907.1730000000002,-2968.654,5875.827,4958.173000000001,-5062.654,10020.827000000001,10021.0,Biden
YORK,73191.0,2734.0,113304.0,-40113.0,2,0.39,0.01,0.6,-0.21,2,68524.0,8934.0,128528.0,-60004.0,2,0.33,0.04,0.62,-0.29,2,SOLID RED,-0.08,PA Dutch,42133,291334,148124,97447,45763,295895,147452,102563,45880,205986.0,0.7070000000000001,209198.0,33339,48248,-14909,2,0,0.4086,0.5914,-0.18280000000000002,2,0,66678,0.225,142520.0,58233.672000000006,-26052.656000000003,84286.32800000001,91572.672,-40961.656,132534.328,132534.0,Biden
